rmssd, sdnn , pnn50, bpm, spo2, activity, label
 44.2,  55.9,  32.5,  55, 98.4,        0,     0
 45.2,  49.9,  16.3,  77, 97.0,        0,     1
 25.0,  31.7,  17.9,  80, 98.0,        0,     1
 67.3,  90.4,  28.8,  73, 98.3,        0,     0
 35.3,  40.8,   9.8,  81, 97.9,        1,     1
 35.7,  43.7,  10.3,  77, 97.6,        0,     1
 43.4,  51.6,  35.9,  59, 98.0,        0,     0
 44.7,  55.5,  10.5,  69, 96.5,        0,     1
 15.6,  18.4,   7.2,  86, 97.7,        0,     2
 25.7,  30.3,   1.7,  72, 95.7,        0,     2
 24.4,  28.8,   5.7, 107, 96.0,        1,     2
 75.9,  91.3,  21.3,  49, 97.8,        0,     0
 48.2,  60.1,  11.2,  83, 98.0,        0,     1
 13.5,  14.7,   0.0,  92, 97.8,        0,     2
 38.4,  49.9,  10.6,  79, 97.2,        1,     1
 24.3,  28.6,   3.7,  91, 96.5,        0,     2
  8.8,  10.9,   0.0,  78, 96.1,        0,     2
 18.5,  21.7,   5.7,  69, 97.0,        0,     2
 80.6,  98.3,  35.8,  64, 98.6,        0,     0
 17.5,  18.6,   2.5,  98, 96.5,        1,     2
 19.1,  22.7,   8.2,  91, 95.8,        0,     2
 69.6,  76.3,  18.8,  58, 97.6,        0,     0
 15.8,  17.5,  11.8,  91, 95.8,        0,     2
 44.3,  56.5,  15.5,  77, 98.4,        1,     1
 12.9,  13.9,   2.9,  98, 96.5,        1,     2
 29.7,  34.1,   7.1,  90, 98.6,        0,     2
 28.7,  33.4,   7.1,  63, 97.7,        1,     1
 18.0,  21.3,  10.0,  90, 95.5,        0,     2
 18.4,  20.4,   2.9,  79, 95.9,        0,     2
 39.9,  43.2,   9.1,  75, 96.7,        2,     1
 65.7,  73.0,  29.2,  70, 98.8,        0,     0
 23.2,  28.5,  14.4,  88, 97.6,        1,     1
 62.0,  70.8,  28.1,  55, 96.8,        1,     0
 15.3,  19.7,  25.5,  79, 97.7,        0,     1
 41.1,  51.9,  24.9,  94, 98.1,        0,     1
 20.3,  25.3,   3.6,  89, 95.4,        1,     2
 35.9,  38.7,  11.4,  92, 97.8,        0,     2
 49.0,  66.0,  40.4,  64, 98.3,        0,     0
 20.1,  22.9,   6.6,  84, 96.1,        0,     2
 33.7,  42.4,  14.0,  88, 97.2,        0,     1
 36.9,  46.1,  16.1,  87, 98.6,        1,     1
 60.1,  75.7,  12.4,  54, 97.9,        0,     0
 28.8,  30.5,   9.9,  95, 96.2,        0,     2
 70.0,  77.6,  23.7,  76, 98.8,        0,     0
 63.7,  77.6,  32.8,  55, 98.2,        0,     0
 16.2,  19.7,   6.9,  90, 96.8,        0,     2
  9.4,  10.4,   3.1,  95, 97.6,        0,     2
 17.7,  19.1,   0.0,  89, 95.8,        0,     2
 24.8,  31.0,   6.4,  83, 98.2,        0,     2
 39.1,  44.2,   4.3,  78, 97.2,        0,     1
 72.1,  78.0,  28.6,  65, 97.7,        1,     0
 35.0,  41.6,  18.8,  79, 97.6,        2,     1
 12.1,  14.3,   6.1,  96, 96.1,        0,     2
 59.6,  76.8,  37.0,  51, 98.2,        1,     0
 48.3,  52.0,  34.8,  64, 97.9,        0,     0
 81.8,  89.9,  35.4,  52, 97.9,        0,     0
 25.4,  27.5,   1.4, 107, 98.3,        0,     2
 71.7,  80.9,  21.0,  66, 97.4,        0,     0
 19.9,  22.7,   0.7,  82, 96.7,        0,     2
 30.2,  32.0,  17.2,  79, 98.1,        0,     1
 24.7,  31.8,  14.6,  74, 96.8,        1,     1
 47.3,  62.1,  40.9,  66, 97.8,        1,     0
 15.6,  17.7,   4.1, 111, 97.3,        0,     2
 62.6,  83.1,  15.7,  68, 98.9,        1,     0
 38.8,  44.8,  14.0,  73, 97.5,        0,     1
 19.1,  20.6,   5.5, 103, 94.9,        0,     2
 30.2,  33.0,  18.9,  79, 97.7,        2,     1
 33.8,  41.4,   3.6,  73, 97.8,        2,     2
 38.5,  41.4,  12.8,  86, 97.5,        0,     1
 36.2,  40.0,  20.7,  69, 97.3,        1,     1
 19.9,  23.3,   2.6,  92, 96.4,        1,     2
 47.7,  59.1,  18.2,  68, 97.2,        1,     1
 38.4,  49.5,  20.0,  72, 96.6,        0,     1
 13.3,  14.1,   0.1,  91, 96.9,        0,     2
  9.0,  10.3,   8.1,  95, 96.7,        1,     2
 17.2,  20.5,  23.3,  77, 96.9,        0,     1
 49.5,  56.5,  36.7,  51, 98.2,        0,     0
 42.7,  47.1,  15.5,  63, 97.4,        0,     1
 32.2,  33.9,  10.4,  72, 97.9,        0,     1
 54.8,  62.8,  42.7,  63, 98.2,        0,     0
 37.8,  48.2,   8.6,  72, 97.4,        1,     1
 17.4,  20.7,  16.2,  82, 97.8,        0,     1
 26.0,  31.8,   5.5,  85, 98.1,        2,     2
 61.4,  69.8,  37.5,  61, 98.0,        0,     0
 37.3,  42.4,  13.4,  91, 97.6,        0,     1
 52.0,  55.1,  47.3,  61, 97.4,        0,     0
 21.4,  24.9,   8.6,  87, 96.1,        0,     2
 13.5,  14.8,   4.2,  86, 98.6,        0,     2
 23.5,  26.9,  13.3,  85, 96.7,        0,     1
 32.6,  38.9,  25.0,  70, 97.1,        2,     1
 28.8,  30.3,   8.3,  75, 97.3,        1,     1
  8.6,  10.2,   8.8, 105, 96.5,        0,     2
 46.7,  58.4,  21.0,  76, 97.9,        0,     1
 46.7,  60.0,  18.3,  74, 98.6,        0,     1
 33.4,  39.9,  15.1,  84, 97.3,        1,     1
 12.6,  15.3,   5.8,  85, 96.0,        0,     2
 27.1,  32.6,  12.2,  91, 96.7,        1,     1
 85.7, 101.2,  40.7,  57, 98.1,        1,     0
 67.3,  89.8,  34.8,  66, 98.4,        0,     0
 19.6,  24.1,   3.6,  76, 97.8,        0,     2
 14.8,  16.6,   0.7,  97, 96.6,        0,     2
 17.3,  20.3,   3.3, 111, 96.7,        0,     2
 22.3,  24.5,   4.0,  80, 96.9,        0,     2
 45.3,  54.3,  16.7,  82, 96.7,        1,     1
 45.3,  58.7,  27.5,  71, 97.9,        0,     0
 42.3,  47.5,  20.3,  65, 98.0,        2,     1
 19.9,  24.3,   0.0,  80, 96.2,        0,     2
 30.7,  32.7,   4.7,  77, 97.8,        0,     1
 37.8,  48.4,  17.6,  75, 97.9,        0,     1
 28.2,  34.3,  16.0,  76, 97.1,        2,     1
 43.6,  56.3,  28.0,  83, 96.8,        1,     1
 65.6,  85.2,  34.1,  54, 98.2,        0,     0
 27.7,  33.0,  22.1,  83, 97.0,        1,     1
 33.1,  42.1,   2.0,  63, 96.6,        1,     1
 80.9, 100.0,  34.7,  53, 97.4,        0,     0
 24.5,  29.1,  19.8,  67, 98.1,        1,     1
 12.1,  14.5,   1.9,  88, 96.6,        0,     2
 17.3,  19.4,  30.9,  79, 97.8,        0,     1
 28.6,  31.6,  17.4,  75, 97.5,        1,     1
 57.4,  76.1,  46.2,  66, 97.6,        1,     0
 14.0,  17.1,   4.9, 103, 97.9,        0,     2
 40.9,  47.4,  23.1,  76, 98.4,        0,     0
 22.8,  26.8,   1.9,  90, 96.0,        1,     2
 24.7,  27.7,   6.5,  76, 96.5,        0,     1
 23.1,  27.0,  10.1,  79, 96.2,        0,     2
 49.4,  57.0,  31.7,  57, 99.0,        0,     0
 63.5,  71.9,  26.5,  53, 98.1,        0,     0
 51.8,  66.9,  34.6,  64, 98.0,        0,     0
 28.2,  30.5,   7.6,  96, 97.3,        0,     2
 24.1,  27.2,  18.2,  85, 97.4,        1,     1
 21.6,  24.4,  19.0,  67, 97.9,        0,     1
 52.2,  67.1,  45.2,  66, 98.0,        1,     0
 33.9,  41.1,  10.1,  65, 98.4,        1,     1
 39.4,  44.6,  17.5,  75, 98.2,        2,     1
 16.2,  18.6,   1.9,  79, 96.8,        0,     2
 51.2,  65.7,  32.3,  56, 98.1,        0,     0
 27.8,  32.7,  15.6,  75, 97.3,        0,     1
 47.4,  57.4,  23.1,  70, 98.3,        0,     0
 27.3,  34.1,  13.8,  63, 97.0,        0,     1
 33.5,  37.4,  16.8,  75, 97.9,        0,     1
 66.4,  88.2,  33.8,  58, 98.6,        1,     0
 32.5,  34.4,  19.1,  73, 96.8,        0,     1
 40.8,  44.5,  14.6,  70, 97.1,        0,     1
 17.4,  19.1,  11.3,  87, 95.4,        0,     2
 16.6,  18.2,   6.0,  81, 96.5,        0,     2
 44.0,  47.2,  34.8,  67, 97.9,        0,     0
 34.5,  39.9,  22.7,  76, 97.2,        1,     1
 32.4,  41.8,  19.1,  76, 97.9,        0,     1
 28.9,  33.7,   5.9,  98, 95.5,        0,     2
 70.2,  94.4,  30.0,  69, 98.5,        0,     0
 33.6,  39.9,  15.1,  83, 98.4,        0,     1
 68.8,  74.9,  29.5,  57, 98.0,        0,     0
 30.9,  33.9,  26.2,  79, 98.1,        0,     1
 40.3,  44.2,   7.3,  79, 98.5,        1,     1
 36.5,  43.0,  14.6,  93, 97.8,        0,     1
 39.0,  41.5,  10.5,  76, 97.8,        1,     1
 47.4,  57.4,  29.9,  76, 98.1,        0,     0
 36.2,  38.9,  18.7,  62, 97.7,        0,     1
 35.1,  44.7,  13.8,  80, 98.1,        2,     1
 38.7,  44.4,  23.2,  78, 98.0,        1,     1
 19.6,  24.4,   4.8, 109, 97.6,        1,     2
 17.2,  20.3,   2.7,  91, 96.8,        2,     2
 21.9,  24.5,   5.4,  81, 98.0,        0,     2
 26.9,  30.3,  23.7,  73, 97.4,        1,     1
 42.8,  45.2,  18.2,  68, 97.6,        1,     1
 15.0,  16.1,   7.3, 113, 97.4,        0,     2
 15.3,  19.0,  10.1,  85, 96.1,        0,     2
 34.1,  37.5,   9.7,  88, 97.4,        0,     1
 40.3,  45.3,  33.4,  64, 98.3,        0,     0
 60.7,  68.7,  33.0,  61, 97.9,        0,     0
 15.8,  18.6,   0.5, 100, 96.1,        0,     2
 40.1,  45.5,  10.0,  53, 98.2,        0,     0
 47.1,  62.4,  43.5,  61, 98.4,        0,     0
 46.4,  50.9,   7.2,  64, 97.6,        0,     1
 16.9,  20.7,  10.7,  86, 97.4,        0,     2
 30.1,  32.6,   5.0, 109, 95.5,        0,     2
 45.9,  49.2,  50.0,  57, 98.1,        0,     0
 20.4,  22.2,   8.5,  76, 97.1,        0,     1
 13.1,  15.3,   0.6,  77, 97.4,        0,     2
 23.4,  26.0,  11.3,  83, 97.1,        0,     2
 30.6,  39.5,  17.5,  72, 97.6,        0,     1
 62.4,  67.8,  31.6,  63, 97.7,        0,     0
 41.3,  45.2,  20.4,  75, 96.9,        0,     1
 58.8,  66.6,  29.0,  55, 98.4,        0,     0
 15.0,  16.6,   7.5,  73, 97.1,        0,     2
 58.1,  66.6,  28.9,  61, 98.6,        0,     0
 46.2,  53.5,  34.7,  58, 98.5,        0,     0
 25.0,  32.3,   9.4,  71, 96.7,        0,     1
 60.8,  79.2,  35.3,  67, 98.0,        0,     0
 10.1,  10.9,   5.7,  90, 95.9,        0,     2
 49.1,  54.1,  41.3,  66, 98.2,        2,     0
 20.7,  24.2,   0.0, 108, 96.6,        1,     2
 18.5,  22.2,   6.9,  89, 99.0,        0,     2
 57.3,  77.0,  27.8,  69, 98.2,        0,     0
 60.8,  78.6,  36.9,  55, 98.6,        0,     0
 57.0,  68.0,  19.6,  61, 98.8,        0,     0
 33.7,  42.0,  17.6,  78, 97.6,        0,     1
 56.0,  62.0,  39.3,  64, 97.3,        0,     0
 48.1,  56.4,  22.0,  64, 98.4,        1,     1
 40.4,  43.0,  19.5,  98, 96.8,        0,     1
 33.2,  38.9,   4.5,  72, 96.3,        0,     2
 50.9,  67.5,  23.4,  56, 98.3,        0,     0
 62.5,  75.0,  17.7,  67, 97.8,        2,     1
 37.0,  44.9,   8.4,  69, 98.1,        1,     1
 20.8,  24.6,   4.9, 109, 97.7,        0,     2
 22.1,  24.8,   9.4,  94, 97.0,        1,     1
 20.3,  24.7,   8.3,  95, 95.3,        0,     2
 20.1,  23.9,   6.8,  88, 98.0,        0,     2
 22.5,  23.6,   6.4,  78, 96.2,        2,     2
 41.9,  46.3,  35.6,  63, 98.4,        0,     0
 17.0,  22.1,   8.6,  93, 98.1,        0,     1
 53.9,  67.3,  24.4,  63, 97.6,        1,     0
 55.7,  70.9,  10.9,  58, 98.6,        0,     0
 20.5,  21.7,   6.3,  79, 97.2,        0,     2
 54.6,  66.2,  33.4,  60, 98.8,        0,     0
 12.0,  13.8,   3.0, 108, 96.4,        0,     2
 22.2,  27.3,   8.9,  91, 96.3,        0,     2
 30.3,  33.1,   7.4,  86, 97.7,        1,     1
 41.7,  46.8,  34.3,  69, 98.1,        0,     0
 21.6,  24.8,   0.0,  94, 97.4,        0,     2
 21.5,  25.0,   5.3,  86, 98.4,        0,     2
 10.8,  11.5,   7.0,  95, 97.9,        0,     2
 20.1,  23.5,  10.0,  91, 97.4,        0,     2
 41.9,  46.6,  17.8,  76, 97.0,        0,     1
 53.5,  64.1,  14.4,  68, 98.1,        0,     0
 47.1,  61.2,  48.2,  56, 97.9,        0,     0
 29.4,  32.9,  22.7,  91, 96.9,        2,     1
 24.6,  30.8,   4.2,  94, 96.7,        0,     2
 34.1,  37.8,  26.9,  78, 96.7,        0,     1
 12.7,  13.8,   7.0,  98, 96.5,        0,     2
 13.7,  15.5,   0.0,  85, 96.5,        0,     2
 15.9,  18.5,  14.4,  73, 97.1,        0,     1
 40.8,  48.7,  14.3,  82, 98.4,        0,     1
 19.4,  22.9,  25.8,  58, 97.1,        0,     1
 16.3,  19.2,   8.4, 109, 95.5,        0,     2
 58.8,  67.3,  34.0,  62, 97.9,        0,     0
 16.7,  17.6,  12.1,  77, 97.2,        0,     2
 15.9,  19.8,  11.9,  96, 98.1,        0,     2
 54.3,  59.7,  35.8,  64, 97.1,        2,     0
 14.0,  16.0,  23.8,  72, 97.0,        0,     1
 26.6,  30.3,   5.5, 104, 96.4,        0,     2
 60.5,  78.8,  37.0,  67, 98.2,        1,     0
 42.0,  46.0,  11.7,  85, 97.3,        1,     1
 48.8,  56.7,  24.6,  56, 98.5,        0,     0
 24.5,  27.0,  20.7,  81, 99.2,        0,     1
 13.3,  15.3,   0.0, 103, 97.7,        0,     2
 43.3,  50.9,  14.7,  70, 96.8,        0,     1
 16.8,  18.2,   4.7,  74, 95.4,        0,     2
 49.1,  61.9,  19.2,  67, 97.5,        0,     1
 55.0,  72.6,  40.5,  62, 97.5,        2,     0
 40.5,  46.4,  18.9,  67, 97.6,        2,     1
 70.3,  92.5,  36.5,  64, 98.3,        0,     0
 39.0,  48.9,   7.3,  58, 97.4,        0,     1
 32.6,  41.3,  22.1,  73, 96.9,        0,     1
 51.9,  63.7,  29.4,  63, 98.2,        0,     0
 48.7,  64.1,  26.2,  60, 98.0,        0,     0
 65.1,  78.3,  20.4,  66, 97.4,        0,     0
 29.0,  35.9,  17.9,  69, 97.1,        0,     1
 42.7,  49.5,  13.8,  83, 97.7,        2,     1
 31.0,  34.6,  12.4,  67, 97.7,        0,     1
 18.7,  20.1,  16.3,  81, 98.3,        0,     1
 50.2,  54.6,  36.2,  80, 97.2,        0,     1
 31.7,  38.3,  22.0,  68, 97.0,        0,     1
 44.2,  49.3,  13.3,  65, 97.5,        0,     0
 41.9,  50.8,  38.3,  67, 98.2,        0,     0
 28.1,  34.1,   5.1,  82, 96.3,        2,     2
 32.0,  34.8,   9.8,  83, 97.2,        0,     1
 74.3,  88.8,  37.4,  56, 98.7,        0,     0
 60.1,  80.0,  22.5,  61, 98.0,        0,     0
 56.2,  66.1,  31.5,  63, 97.7,        0,     0
 16.9,  17.8,  13.0,  78, 97.6,        0,     2
 17.8,  19.8,  15.8,  87, 95.6,        0,     2
 35.0,  44.3,  13.5,  60, 96.1,        0,     1
 16.7,  19.3,   3.9,  77, 96.7,        0,     2
 14.1,  16.6,   0.0,  91, 94.8,        0,     2
 13.7,  15.9,   6.9,  78, 96.4,        0,     2
 19.7,  23.4,   2.6,  92, 97.4,        0,     2
 19.0,  22.7,  17.2,  78, 96.8,        0,     1
 54.6,  69.8,  39.0,  66, 97.7,        0,     0
 44.8,  52.7,  11.5,  73, 98.0,        2,     1
 24.3,  28.1,  11.7,  71, 96.9,        0,     1
 22.0,  25.1,   8.1,  96, 96.3,        0,     2
 63.3,  71.9,  31.2,  57, 97.9,        0,     0
 28.9,  36.8,  50.0,  66, 98.2,        0,     0
 55.3,  65.7,  26.3,  52, 98.0,        0,     0
  7.7,   8.6,   8.9,  88, 99.0,        0,     2
  4.0,   5.0,  15.3, 100, 95.3,        0,     2
 36.7,  46.3,  23.1,  78, 97.9,        1,     1
 18.6,  22.8,   2.6, 101, 96.5,        0,     2
 30.5,  38.9,   2.1,  73, 96.8,        0,     1
 58.8,  63.3,  34.1,  58, 98.4,        0,     0
 33.2,  39.0,  26.8,  64, 98.7,        0,     0
 38.7,  48.6,  19.2,  75, 97.5,        2,     1
 16.9,  19.5,   3.8,  95, 97.2,        0,     2
  9.1,  10.7,   4.8,  92, 97.2,        0,     2
 29.4,  31.2,  10.0,  70, 96.5,        1,     1
 14.9,  15.8,   8.4,  90, 96.7,        1,     2
 20.3,  23.0,   3.6,  89, 95.3,        0,     2
  4.0,   5.0,   1.0,  97, 95.4,        0,     2
 61.9,  68.7,  31.9,  50, 97.0,        1,     0
 59.2,  67.0,  35.8,  57, 97.4,        0,     0
 14.0,  16.0,   7.9,  73, 97.8,        0,     1
  9.7,  11.1,   1.9, 102, 95.2,        1,     2
 14.0,  16.0,   8.7,  72, 98.5,        0,     1
 65.9,  81.0,  37.3,  57, 98.9,        1,     0
 26.1,  28.2,   2.5,  79, 96.8,        0,     2
 33.4,  39.4,  18.5,  77, 97.0,        0,     1
 40.0,  48.1,  12.5,  79, 97.6,        0,     1
 12.3,  12.9,   0.0, 103, 96.1,        0,     2
 27.1,  29.1,  10.1,  98, 97.4,        2,     1
 66.4,  89.6,  14.2,  63, 98.2,        0,     0
 30.7,  33.9,   0.0,  99, 95.5,        1,     2
 24.7,  27.9,  16.8,  86, 97.7,        1,     1
 36.6,  41.6,  17.1,  64, 97.5,        0,     1
 42.8,  46.4,  50.0,  60, 97.5,        0,     0
 56.6,  75.4,  33.1,  49, 97.8,        0,     0
 31.9,  41.4,  16.7,  63, 97.0,        0,     1
 27.6,  29.1,   3.9,  84, 97.9,        1,     1
 47.1,  49.8,  34.2,  61, 98.2,        0,     0
  9.4,  10.2,   6.7,  93, 96.0,        0,     2
 11.5,  13.5,   5.4,  90, 96.9,        0,     2
 20.0,  21.6,   7.6, 104, 96.7,        0,     2
 21.9,  23.3,   3.5,  88, 95.5,        0,     2
 22.1,  25.7,   0.0,  95, 97.3,        2,     2
 34.9,  38.8,  13.2,  68, 95.4,        1,     2
 17.5,  18.5,   7.5,  91, 96.0,        0,     2
 33.1,  38.6,  28.5,  67, 99.0,        0,     0
 41.9,  54.6,  37.6,  62, 97.5,        2,     0
 44.6,  59.0,  36.1,  60, 97.3,        0,     0
 37.2,  48.7,  27.2,  59, 97.5,        0,     0
 30.2,  35.6,   9.3,  77, 97.7,        0,     1
 26.5,  27.8,  12.8,  81, 96.3,        0,     1
  8.2,   9.8,   5.4,  78, 97.6,        0,     2
 59.9,  67.8,  38.0,  58, 98.3,        0,     0
 53.6,  63.7,  16.5,  56, 98.3,        0,     0
 54.3,  61.7,  25.7,  64, 98.1,        2,     0
 34.5,  38.8,  14.8,  69, 97.0,        1,     1
 30.5,  36.7,  17.5,  92, 98.8,        1,     1
 16.1,  18.3,   5.1,  74, 98.2,        0,     2
 22.4,  23.8,   9.9,  92, 97.6,        1,     1
 56.5,  68.1,  31.6,  69, 97.8,        0,     0
 16.9,  19.2,   6.1,  89, 96.1,        1,     2
 50.7,  55.4,  24.7,  61, 97.5,        0,     0
 19.8,  23.0,   0.0,  99, 95.4,        1,     2
 31.3,  33.6,   8.7,  79, 97.4,        1,     1
 70.8,  84.9,  24.9,  59, 97.3,        1,     0
 25.8,  28.3,   2.0,  97, 97.2,        0,     1
 28.5,  30.4,  23.5,  64, 98.5,        1,     1
 16.1,  18.9,  29.0,  88, 97.3,        1,     1
 52.3,  69.6,  20.4,  62, 98.3,        1,     0
 37.5,  46.1,   4.2,  87, 97.2,        0,     1
 50.6,  55.6,  32.3,  57, 97.9,        1,     0
 80.6,  98.4,  35.5,  62, 97.7,        0,     0
 18.7,  23.2,   3.7, 100, 95.3,        0,     2
 46.3,  52.8,  18.2,  58, 98.3,        1,     0
 27.3,  33.9,  13.0,  80, 98.7,        0,     1
 44.5,  48.8,  15.2,  73, 99.0,        0,     0
 48.5,  60.0,  17.9,  66, 98.7,        0,     0
 29.7,  33.0,   6.2,  91, 96.6,        0,     2
 69.6,  74.7,  35.0,  63, 97.6,        1,     0
 24.6,  26.1,  24.7,  75, 97.5,        0,     1
 13.9,  16.6,   0.9,  88, 96.0,        0,     2
 77.1,  82.6,  32.9,  55, 96.9,        1,     0
 53.5,  58.4,  22.7,  70, 97.3,        0,     0
 55.6,  62.3,  45.1,  67, 97.9,        0,     0
 56.7,  64.7,  24.4,  63, 98.3,        0,     0
 59.8,  69.6,  18.9,  61, 97.5,        0,     0
 18.3,  22.7,   0.0,  99, 96.6,        0,     2
 17.7,  22.0,   4.3,  99, 97.2,        2,     2
 13.1,  14.3,   8.7,  95, 98.3,        0,     2
 17.7,  18.9,   5.4,  81, 95.6,        0,     2
 17.6,  21.8,  10.2,  92, 95.8,        0,     2
 11.0,  12.6,  11.7,  99, 97.0,        0,     2
 29.9,  31.6,  13.3,  79, 97.1,        0,     1
 26.0,  27.5,   4.5,  94, 97.5,        0,     2
 22.8,  27.6,  11.7,  58, 96.5,        1,     1
 32.4,  41.3,  19.9,  78, 97.3,        0,     1
 45.5,  51.9,  28.4,  72, 98.2,        0,     0
 20.9,  22.5,  10.1,  85, 98.5,        0,     1
 38.9,  44.0,  17.4,  80, 96.8,        2,     1
 16.2,  19.3,   6.5,  87, 96.9,        0,     2
 19.2,  23.3,   7.0,  82, 98.6,        1,     1
 14.9,  17.5,   0.7,  68, 96.5,        0,     2
 42.7,  45.7,  16.7,  71, 97.2,        0,     1
 51.0,  61.3,  14.8,  77, 97.6,        0,     1
 25.7,  27.2,   6.2,  97, 97.2,        0,     2
 16.7,  20.9,   0.0,  97, 97.8,        0,     2
 39.3,  48.0,  11.9,  80, 97.0,        0,     1
  4.0,   5.0,   2.1, 117, 96.5,        0,     2
 23.7,  25.4,   8.2, 109, 97.5,        0,     2
 34.9,  38.9,  16.1,  74, 98.1,        0,     1
  6.7,   8.2,   1.6, 103, 95.3,        1,     2
 30.1,  36.7,  11.4,  96, 96.2,        0,     2
 45.9,  51.4,  17.4,  63, 96.9,        0,     1
 40.3,  47.1,   9.9,  71, 97.5,        1,     1
 14.7,  16.1,   6.8, 103, 94.6,        1,     2
  6.2,   7.4,   1.4,  91, 96.1,        0,     2
 55.1,  67.6,  30.6,  65, 98.8,        1,     0
 20.2,  21.4,  25.6,  81, 96.6,        2,     1
 24.9,  27.6,   7.6,  99, 97.2,        0,     2
 19.5,  23.2,   0.0,  72, 97.1,        0,     2
 70.9,  89.6,  19.5,  60, 98.6,        0,     0
 50.0,  65.3,  10.0,  60, 97.9,        0,     0
 66.1,  88.9,  43.6,  59, 99.0,        0,     0
 51.5,  58.6,  13.2,  80, 97.4,        0,     1
 71.9,  95.3,  47.6,  60, 98.7,        0,     0
 19.0,  23.4,   6.9,  79, 97.4,        0,     2
 15.6,  16.4,   9.3, 106, 95.1,        0,     2
 68.3,  80.4,  26.6,  52, 98.1,        0,     0
 41.3,  48.2,  13.8,  72, 96.2,        1,     1
 35.0,  45.1,  11.5,  73, 97.1,        1,     1
 69.8,  85.2,  29.0,  56, 98.2,        0,     0
 15.9,  18.0,   5.5,  93, 96.3,        1,     2
 61.0,  74.3,  37.5,  58, 97.0,        0,     0
 33.5,  42.3,  16.2,  86, 97.2,        0,     1
 64.6,  80.2,  38.9,  57, 98.7,        1,     0
 44.4,  56.2,   9.0,  61, 97.4,        0,     1
 24.7,  30.0,   0.9, 105, 97.1,        0,     2
 17.7,  19.3,   5.4, 101, 95.6,        0,     2
 27.8,  30.5,  31.3,  71, 98.0,        0,     1
 62.5,  84.0,  42.6,  61, 97.9,        0,     0
 20.3,  23.5,  10.9,  86, 97.1,        2,     2
 16.4,  17.9,   3.4,  75, 97.6,        0,     1
 37.5,  43.7,  21.8,  91, 97.8,        1,     1
 73.4,  98.7,  34.2,  64, 99.0,        0,     0
 20.5,  22.7,   2.3, 110, 96.9,        0,     2
  8.0,   8.6,   7.6,  87, 95.1,        0,     2
 26.3,  31.1,   2.3,  79, 96.2,        1,     2
 38.1,  43.6,  27.9,  80, 96.6,        1,     1
 12.2,  14.3,   9.1, 100, 97.1,        0,     2
 35.0,  43.0,   9.7,  72, 98.1,        0,     1
 19.6,  25.4,  10.2,  76, 98.8,        0,     1
 30.3,  32.6,  12.6,  75, 97.8,        0,     2
 55.3,  61.7,  30.9,  69, 98.5,        0,     0
 22.3,  27.0,   5.2,  89, 96.8,        0,     2
 16.9,  19.1,   7.5,  81, 96.1,        0,     1
 12.2,  13.4,   7.0,  83, 96.7,        0,     2
 63.4,  76.2,  20.3,  55, 98.1,        0,     0
 28.0,  30.0,  12.0,  63, 98.8,        0,     0
 47.8,  60.4,  18.6,  68, 97.1,        0,     1
 27.7,  35.9,  23.2,  73, 98.1,        0,     1
 17.1,  19.5,   4.6, 105, 96.7,        2,     2
 29.0,  35.0,  17.1,  86, 97.8,        0,     1
 29.0,  37.3,  11.2,  95, 98.3,        0,     1
 23.3,  25.2,  22.4,  76, 96.5,        1,     1
 49.5,  63.0,  26.5,  67, 97.0,        1,     1
 34.8,  37.7,   8.7,  78, 97.4,        0,     1
 60.7,  64.1,  26.1,  69, 98.4,        0,     0
 52.0,  67.0,  30.5,  79, 98.5,        0,     0
 48.1,  54.5,  35.5,  55, 98.3,        0,     0
 32.9,  40.5,  17.2,  84, 97.8,        1,     1
 14.0,  16.0,  19.5,  77, 97.7,        1,     1
 12.5,  14.2,   7.5,  93, 97.5,        0,     2
 46.2,  50.4,  18.3,  74, 96.5,        1,     1
 16.3,  18.3,   5.3, 102, 97.1,        2,     2
 32.2,  38.0,  25.6,  91, 98.1,        1,     1
 38.7,  41.4,   5.6,  84, 97.7,        1,     1
 63.7,  74.0,  16.9,  66, 98.2,        1,     0
 41.3,  45.1,  17.3,  73, 97.2,        1,     1
 33.9,  38.8,  11.0,  76, 97.1,        0,     1
 41.0,  53.4,  34.4,  64, 98.3,        0,     0
 17.4,  19.2,   5.7,  95, 97.5,        1,     2
 44.1,  50.6,  24.7,  77, 98.4,        0,     0
 24.6,  27.3,   4.8,  98, 96.7,        1,     2
 35.7,  37.8,  28.0,  63, 97.5,        0,     1
 59.0,  70.8,  24.7,  68, 98.1,        0,     0
 63.9,  76.4,  58.2,  65, 98.3,        0,     0
 39.3,  51.5,  30.4,  59, 97.7,        2,     0
 38.0,  40.2,   5.8,  91, 95.2,        0,     2
 35.6,  43.6,  21.0,  74, 97.3,        1,     1
 39.9,  48.1,  20.2,  71, 98.0,        1,     1
 26.0,  30.5,   7.4,  91, 96.4,        0,     2
 20.4,  22.8,  19.0,  67, 96.9,        2,     1
 42.5,  45.0,  23.5,  78, 98.0,        1,     1
 13.7,  15.1,   0.7, 108, 97.6,        0,     2
 51.4,  57.7,  43.9,  54, 98.3,        0,     0
 55.9,  67.2,  35.1,  70, 99.1,        0,     0
 26.5,  28.2,  22.2,  81, 96.2,        1,     1
 55.3,  63.2,  29.8,  56, 97.6,        0,     0
 57.4,  77.0,  48.9,  63, 97.7,        1,     0
 28.5,  34.6,  10.5,  85, 96.9,        0,     2
 18.0,  21.8,   3.2, 109, 95.6,        1,     2
 41.9,  48.9,   5.4,  66, 98.7,        2,     1
 33.3,  37.0,  13.5,  75, 97.3,        0,     1
 20.1,  24.3,  11.6,  87, 96.6,        0,     2
 23.5,  28.8,   3.8,  91, 96.7,        2,     2
 68.3,  80.8,  24.3,  63, 98.3,        0,     0
 32.4,  41.2,   7.4,  68, 97.6,        0,     1
 51.3,  65.3,  12.5,  65, 97.1,        0,     0
 82.1, 102.4,  15.2,  60, 97.6,        0,     0
 40.7,  44.9,  44.9,  64, 97.5,        0,     0
 24.2,  29.5,  11.5,  81, 96.9,        0,     2
 38.1,  44.7,  13.3,  62, 98.3,        1,     1
 47.0,  60.4,  39.6,  57, 98.1,        2,     0
 16.5,  17.6,   5.8, 104, 96.5,        0,     2
 34.0,  37.1,  29.6,  76, 97.6,        1,     1
 19.1,  20.7,   2.3,  95, 95.8,        0,     2
 21.3,  24.7,   6.7,  80, 96.9,        1,     2
 59.7,  79.2,  27.2,  55, 98.4,        0,     0
 30.4,  34.0,  12.1,  63, 97.0,        0,     1
 19.8,  21.0,   4.2,  82, 98.5,        0,     2
 76.4,  97.9,  40.8,  62, 97.9,        0,     0
 19.9,  20.9,   1.0,  98, 95.1,        0,     2
 52.1,  61.1,  10.3,  69, 97.8,        1,     1
 55.7,  63.5,  20.1,  68, 98.5,        0,     0
 38.9,  49.7,  27.2,  58, 98.2,        0,     0
 43.2,  57.3,  41.6,  59, 98.4,        0,     0
 35.0,  39.9,  48.3,  55, 98.8,        0,     0
 18.5,  21.6,   4.1,  68, 96.9,        0,     2
 30.5,  34.8,   9.7,  90, 95.6,        1,     2
 58.3,  72.8,  29.2,  60, 98.3,        0,     0
 43.2,  48.2,  28.7,  45, 98.0,        0,     0
 44.1,  51.7,   8.1,  77, 97.3,        0,     1
 19.4,  21.8,   9.9,  72, 98.3,        0,     1
 63.7,  82.6,  36.0,  58, 97.3,        0,     0
 34.3,  38.8,   4.2,  90, 97.3,        1,     1
 65.4,  80.5,  20.3,  62, 97.4,        1,     0
 32.9,  35.9,  32.0,  80, 96.8,        0,     1
 37.5,  43.5,   8.8,  73, 98.1,        1,     1
 26.5,  29.2,  16.3,  85, 97.7,        1,     1
 51.8,  54.7,  42.9,  52, 97.7,        1,     0
 69.1,  87.4,  32.9,  68, 97.1,        0,     0
 30.7,  38.7,  23.6,  94, 97.8,        1,     1
 14.8,  16.4,  18.1,  70, 97.3,        1,     1
 41.3,  45.3,  36.3,  45, 97.5,        0,     0
 42.5,  53.5,  16.2,  72, 97.6,        1,     1
 25.0,  28.3,   4.0, 107, 97.2,        0,     2
 18.1,  21.2,   0.0,  83, 95.7,        1,     2
 33.5,  39.0,  22.3,  90, 97.7,        0,     1
 33.2,  39.0,  15.7,  75, 98.0,        0,     1
 24.0,  27.2,   4.1,  88, 96.8,        0,     2
 22.7,  27.9,   2.5,  74, 97.1,        0,     1
 17.2,  18.5,   3.6,  98, 97.3,        0,     2
  8.0,   9.0,  12.7, 101, 94.9,        0,     2
 59.1,  68.1,  34.1,  66, 98.5,        1,     0
 34.3,  43.9,  31.1,  68, 97.3,        0,     1
 20.7,  23.3,   0.0, 110, 96.3,        0,     2
 39.6,  41.8,  33.3,  67, 97.9,        1,     0
 39.3,  49.3,  25.4,  60, 98.5,        1,     0
 24.4,  26.5,   5.9,  72, 97.6,        0,     1
 26.5,  31.6,   5.5,  81, 97.7,        0,     2
 24.1,  29.7,   3.1,  95, 97.1,        0,     2
 41.7,  54.0,   8.7,  71, 97.5,        1,     1
 28.9,  32.6,  20.6,  70, 97.6,        0,     1
 75.6,  96.5,  43.6,  54, 98.3,        2,     0
 17.5,  20.9,   8.1,  88, 97.1,        0,     2
 64.7,  82.8,  35.3,  72, 96.9,        2,     0
 44.3,  46.6,  22.4,  70, 98.3,        1,     0
 28.0,  31.0,  13.8,  88, 96.9,        0,     2
 36.2,  38.0,   8.9,  71, 97.4,        0,     1
 46.6,  51.8,   9.6,  76, 97.2,        1,     1
 64.9,  85.0,  34.2,  58, 98.0,        1,     0
 43.9,  51.1,  14.7,  68, 97.2,        0,     1
 59.4,  76.4,  31.2,  63, 97.8,        2,     0
 31.1,  35.2,   1.5,  85, 95.8,        0,     2
 25.0,  27.4,   9.3,  99, 98.4,        0,     2
 26.1,  32.0,  10.7,  68, 96.7,        0,     1
 13.8,  15.3,  10.9,  91, 96.8,        0,     2
 68.7,  86.0,  34.7,  59, 98.6,        0,     0
 29.0,  33.3,  35.7,  63, 98.3,        0,     0
 30.3,  37.5,   8.7,  88, 96.6,        0,     2
  7.1,   7.8,   8.5,  92, 97.1,        0,     2
 17.1,  18.6,   2.8,  90, 98.3,        1,     2
 33.4,  38.6,   7.8,  76, 98.1,        0,     1
 43.9,  58.8,  24.8,  79, 97.9,        0,     0
 57.9,  64.3,  28.5,  61, 98.4,        0,     0
 63.4,  75.8,  41.3,  62, 97.5,        0,     0
 23.7,  27.2,   0.0,  84, 95.9,        0,     2
 57.8,  66.4,  31.8,  63, 99.1,        0,     0
 37.1,  40.2,   9.9,  58, 99.1,        0,     1
 21.4,  24.9,   6.9,  95, 96.5,        0,     2
 29.1,  35.6,   8.9,  90, 97.0,        0,     2
 80.4,  96.5,  43.6,  59, 98.2,        1,     0
 24.0,  29.3,  20.2,  82, 97.3,        0,     1
 15.3,  16.8,   2.0,  81, 97.3,        0,     2
 23.8,  25.5,   7.3,  91, 97.4,        0,     2
 28.8,  32.7,   8.6,  70, 97.2,        0,     2
 17.0,  19.5,   1.3, 112, 97.6,        2,     2
 19.9,  23.8,   9.4,  94, 97.4,        0,     2
 28.0,  30.0,  27.1,  75, 98.1,        0,     0
 34.6,  43.2,   8.9,  84, 96.2,        0,     1
 40.4,  47.5,  34.0,  62, 98.0,        1,     0
 34.0,  39.1,  20.5,  90, 96.5,        1,     1
 28.6,  36.2,  11.4,  68, 97.7,        0,     1
 50.9,  65.1,  14.7,  60, 98.3,        0,     0
 36.7,  47.3,  16.2,  61, 98.5,        1,     0
 27.7,  29.3,  27.1,  67, 96.1,        0,     1
 27.0,  32.2,   5.8,  84, 97.4,        0,     2
 58.9,  72.4,  41.5,  50, 98.6,        0,     0
 30.8,  37.8,  13.3,  78, 98.2,        1,     1
 33.5,  43.3,   4.1,  88, 98.6,        1,     1
 22.8,  28.8,  16.3,  68, 98.2,        0,     1
 36.8,  48.5,  29.3,  67, 97.9,        0,     0
 19.8,  23.4,   6.1,  88, 99.0,        0,     2
 49.3,  63.2,  12.8,  64, 98.2,        2,     0
 53.1,  68.5,  35.9,  62, 97.7,        0,     0
 27.3,  33.3,  14.6,  94, 97.7,        0,     2
 61.1,  71.1,  30.9,  49, 98.7,        0,     0
 49.2,  65.1,  28.3,  66, 98.0,        0,     0
 35.5,  42.7,   6.7,  90, 96.9,        0,     1
 47.4,  56.8,  29.8,  73, 98.2,        1,     0
 38.9,  43.1,   3.6,  73, 97.2,        0,     1
 12.5,  14.1,  14.6,  89, 97.1,        0,     2
 31.6,  34.8,   2.0,  74, 97.1,        0,     1
 54.3,  69.5,  34.4,  70, 97.7,        0,     0
 22.8,  27.7,   6.5,  83, 96.7,        0,     2
 23.8,  29.1,   6.5,  90, 98.5,        1,     2
 41.2,  44.7,  23.0,  51, 98.3,        0,     0
 66.9,  89.5,  17.7,  67, 98.3,        0,     0
 38.8,  50.0,  15.0,  84, 97.6,        1,     1
 23.7,  30.3,  22.4,  78, 97.6,        0,     1
 52.4,  60.4,  27.1,  63, 98.0,        0,     0
  4.6,   5.7,   0.0, 126, 97.1,        0,     2
 30.4,  34.8,  18.9,  74, 97.1,        0,     1
 40.1,  44.1,  13.9,  78, 96.8,        1,     1
 37.9,  42.0,  34.9,  74, 97.7,        0,     0
 66.7,  88.6,  31.1,  64, 97.9,        0,     0
 17.0,  18.7,  24.5,  79, 98.7,        2,     1
 25.4,  28.9,   6.5,  93, 97.8,        0,     2
 51.6,  63.2,  22.7,  62, 97.5,        0,     0
 37.4,  48.6,   9.1,  78, 98.0,        1,     1
 34.8,  44.4,  15.4,  84, 96.9,        0,     1
 47.1,  53.6,  22.1,  70, 96.4,        0,     1
 29.6,  33.1,   8.4,  68, 95.9,        0,     2
 24.2,  26.1,   7.0,  73, 95.9,        0,     2
 55.0,  70.5,  24.0,  75, 98.1,        1,     0
 19.8,  24.6,   6.8,  90, 96.9,        0,     2
  4.0,   5.0,   7.3,  94, 96.2,        1,     2
 26.1,  32.0,  19.1,  87, 96.7,        0,     1
 18.0,  20.9,   0.0, 102, 96.5,        0,     2
 24.7,  30.7,  15.5,  67, 97.1,        1,     1
 32.1,  37.3,  22.6,  82, 97.0,        0,     1
 48.2,  58.5,  34.3,  59, 97.4,        2,     0
 30.0,  36.7,  15.6,  58, 96.4,        1,     1
 19.6,  21.3,   1.1, 101, 95.4,        0,     2
 25.0,  29.0,   2.0,  81, 97.1,        2,     1
 33.2,  39.8,  16.5,  77, 96.8,        0,     1
 60.7,  67.7,  28.4,  69, 97.7,        0,     0
 21.9,  26.3,   6.8,  81, 96.3,        0,     2
 16.8,  20.8,  10.4,  94, 97.3,        1,     2
  9.9,  11.9,   1.7,  97, 95.9,        0,     2
 13.5,  14.8,   2.8,  86, 95.8,        0,     2
 14.8,  18.3,   8.1,  74, 96.7,        0,     2
 47.6,  63.7,  31.8,  71, 97.6,        0,     0
 59.0,  65.6,  26.9,  60, 97.8,        0,     0
 58.7,  69.5,  31.1,  66, 97.9,        0,     0
 24.2,  27.6,  13.0,  88, 97.8,        1,     2
 10.2,  11.7,   7.4,  95, 96.2,        0,     2
 39.6,  43.4,   8.4,  75, 99.5,        0,     1
 17.8,  20.9,   0.0,  95, 95.7,        0,     2
 20.2,  24.2,  18.6,  98, 98.5,        1,     1
  8.4,   9.1,   7.9,  97, 96.6,        1,     2
 48.2,  53.8,  20.2,  58, 99.1,        1,     1
 59.4,  73.2,  27.2,  47, 97.7,        0,     0
 50.6,  57.9,  24.3,  51, 97.6,        0,     0
 71.5,  88.6,  24.5,  62, 97.8,        0,     0
 23.6,  26.1,   0.0,  83, 96.4,        0,     2
 12.1,  13.7,   9.5,  91, 96.6,        0,     2
 26.9,  28.2,   3.4,  90, 96.2,        0,     2
 26.7,  31.2,  11.9,  75, 97.9,        0,     1
 17.5,  20.8,   3.6,  86, 96.1,        0,     2
 39.7,  42.7,  13.2,  73, 98.1,        0,     1
 53.1,  57.2,  38.0,  67, 97.9,        0,     0
 54.2,  72.2,  28.0,  60, 98.1,        0,     0
 13.9,  15.8,   0.0,  98, 95.7,        0,     2
 37.0,  41.7,  16.1,  85, 97.1,        1,     1
 61.8,  75.0,   7.3,  66, 97.4,        1,     1
 24.4,  26.3,  18.0, 100, 97.6,        0,     2
 23.3,  26.4,   7.2,  93, 96.5,        0,     2
 20.5,  23.4,   1.7,  82, 96.8,        0,     2
 40.4,  51.9,  36.9,  57, 98.2,        0,     0
 48.5,  58.2,  30.5,  67, 98.3,        0,     0
 14.9,  18.1,   4.2,  86, 96.6,        0,     2
 10.5,  11.1,   2.3,  97, 98.0,        0,     2
 45.8,  50.7,  22.9,  76, 96.7,        0,     1
 60.4,  79.2,  30.2,  65, 98.3,        0,     0
 12.5,  13.7,   3.2,  76, 97.5,        0,     2
 47.8,  54.6,  41.0,  66, 98.4,        2,     0
 18.4,  20.0,   3.9,  77, 98.1,        0,     2
 50.4,  59.9,  42.8,  61, 98.0,        0,     0
 33.5,  37.0,   5.8,  82, 96.4,        0,     1
 39.7,  41.9,   3.7,  66, 97.5,        0,     1
 84.3, 104.6,  24.8,  67, 98.3,        0,     0
 26.2,  29.4,   8.0, 104, 96.8,        0,     2
 59.9,  76.8,  17.5,  63, 98.6,        0,     0
 11.3,  12.0,   4.7, 107, 97.2,        0,     2
 22.8,  28.4,  33.4,  78, 98.3,        0,     1
 50.0,  64.7,  11.5,  70, 98.4,        0,     0
 18.8,  20.3,   0.0,  90, 98.4,        0,     2
 75.9,  92.3,  37.9,  58, 98.4,        1,     0
 49.6,  54.0,  11.1,  69, 97.3,        1,     1
 64.4,  72.2,  32.5,  59, 98.0,        0,     0
 46.7,  54.6,  58.2,  63, 97.2,        0,     0
 60.2,  70.9,  32.6,  64, 98.2,        1,     0
 46.6,  52.1,  12.4,  88, 99.1,        0,     1
  9.0,   9.7,   1.0, 112, 97.5,        0,     2
 56.5,  61.1,  21.3,  68, 97.8,        1,     0
 22.3,  26.3,   3.8,  89, 97.3,        0,     2
 31.7,  36.2,  10.9,  85, 97.5,        0,     1
 30.5,  36.1,  20.5,  66, 98.1,        0,     1
 14.6,  17.6,   4.0,  99, 97.9,        0,     2
 18.5,  22.6,   6.8,  72, 98.5,        0,     2
 48.6,  56.8,  35.3,  75, 99.7,        0,     0
 38.6,  48.6,  30.3,  69, 98.7,        0,     0
 19.9,  23.0,   4.9,  96, 96.1,        0,     2
 38.9,  45.5,  20.1,  87, 97.6,        1,     1
 14.0,  15.5,   4.7, 112, 96.8,        0,     2
 17.1,  18.4,   6.7, 102, 97.0,        0,     2
 16.6,  19.6,  11.4,  95, 96.5,        0,     2
 59.6,  65.6,  29.6,  69, 97.6,        0,     0
 45.6,  53.3,  35.0,  59, 98.1,        0,     0
 22.7,  25.3,   1.9,  86, 97.8,        0,     2
 11.7,  12.7,   0.0,  97, 97.8,        0,     2
 70.6,  75.6,  55.2,  60, 97.7,        0,     0
 80.9, 108.1,  28.5,  61, 99.0,        0,     0
 60.4,  69.2,  33.6,  61, 97.6,        0,     0
 50.9,  54.0,  29.5,  50, 97.8,        0,     0
 21.1,  26.4,   7.1, 101, 98.5,        0,     2
 59.0,  63.3,   9.3,  75, 97.8,        0,     1
 57.3,  73.9,  22.9,  73, 98.1,        0,     0
 69.4,  79.2,  18.7,  65, 98.6,        0,     0
 52.9,  70.5,  33.4,  67, 98.1,        0,     0
 39.2,  41.8,   8.0,  85, 98.3,        1,     1
 48.1,  60.1,   9.1,  72, 96.9,        0,     1
 14.0,  16.0,  11.8,  88, 97.1,        1,     1
 39.3,  43.1,  17.6,  71, 98.5,        0,     1
 41.8,  54.6,  40.5,  65, 97.1,        2,     0
 30.6,  34.3,   6.4,  89, 96.7,        0,     2
 20.0,  23.7,   0.4,  90, 95.9,        1,     2
 32.1,  40.7,  13.5,  78, 97.6,        1,     1
 32.2,  36.3,  13.2,  75, 98.0,        1,     1
 10.4,  12.4,   5.1, 103, 97.9,        0,     2
 19.7,  23.1,  12.6,  97, 95.4,        0,     2
 29.7,  33.9,   4.5,  81, 96.7,        0,     2
 27.9,  32.5,   0.0,  99, 97.2,        1,     2
 36.3,  42.8,  19.0,  83, 97.5,        0,     1
 45.9,  53.3,  26.4,  77, 97.4,        0,     1
 17.3,  21.3,   4.4,  96, 97.5,        0,     2
 79.2,  98.7,  39.6,  51, 97.8,        0,     0
 51.7,  68.6,  30.2,  69, 97.9,        0,     0
 55.8,  72.8,  33.2,  66, 98.5,        1,     0
 63.5,  83.1,  31.9,  62, 98.0,        0,     0
 21.1,  22.7,   3.2, 108, 96.8,        0,     2
 19.2,  24.3,   8.7,  66, 96.6,        0,     1
 39.9,  44.9,  10.9,  75, 97.1,        0,     1
 23.1,  25.2,   0.0,  77, 96.9,        0,     2
 18.4,  23.4,  12.0,  80, 95.9,        1,     1
 42.7,  45.2,   9.2,  88, 98.5,        0,     1
 29.0,  31.2,  21.9,  70, 97.5,        0,     1
 52.0,  61.9,  35.3,  60, 98.3,        0,     0
 44.9,  48.8,  10.2,  68, 97.7,        0,     1
 86.1, 103.7,  44.9,  63, 98.1,        1,     0
 10.8,  11.4,   4.5,  70, 97.0,        1,     2
 18.3,  22.3,  10.1,  88, 97.5,        0,     2
 26.8,  29.4,  14.0,  60, 97.5,        0,     1
 34.7,  41.8,  25.0,  84, 97.2,        0,     1
 30.2,  35.4,  16.1,  75, 97.6,        2,     1
 53.0,  59.1,  28.0,  69, 98.1,        0,     0
 80.0,  96.5,  35.8,  65, 98.7,        0,     0
 13.9,  14.6,   4.9, 103, 96.5,        0,     2
 44.0,  51.9,  32.6,  74, 97.9,        1,     0
 24.5,  27.3,  15.6,  89, 96.7,        0,     1
 40.0,  43.2,  31.6,  74, 98.1,        0,     0
 50.4,  63.6,  21.3,  79, 98.2,        2,     1
 37.0,  45.8,  22.6,  77, 97.0,        0,     1
 13.5,  15.4,   2.1, 111, 96.5,        0,     2
 22.4,  26.9,   0.0, 102, 96.9,        1,     2
 29.8,  35.3,   2.8,  87, 96.6,        0,     2
 17.6,  20.4,   3.1, 103, 95.9,        0,     2
 40.9,  45.0,  20.1,  65, 97.9,        0,     1
 68.8,  88.3,  22.8,  52, 98.1,        0,     0
 21.1,  26.1,   1.1, 100, 96.6,        2,     2
 20.2,  22.1,   5.9,  68, 97.6,        0,     2
 33.1,  38.3,  29.0,  75, 98.1,        0,     0
 20.5,  22.7,   6.3, 101, 96.5,        0,     2
 42.7,  53.0,  31.7,  63, 97.4,        0,     0
 45.1,  47.5,  43.8,  74, 97.3,        0,     0
 18.2,  20.0,   0.0,  73, 96.2,        0,     2
 41.7,  45.6,  13.4,  60, 98.1,        1,     1
 36.6,  43.4,  45.7,  61, 97.7,        0,     0
 45.1,  48.2,  18.2,  79, 96.5,        2,     1
 19.6,  23.8,   0.8,  79, 96.4,        0,     2
 32.8,  41.9,  21.9,  53, 97.9,        0,     0
 17.6,  21.0,   5.7,  97, 96.3,        0,     2
 14.9,  16.1,   8.7, 102, 95.7,        1,     2
 73.4,  93.5,  29.0,  60, 99.1,        0,     0
 58.2,  62.3,  36.0,  78, 98.7,        0,     0
 68.7,  92.7,  33.5,  52, 97.9,        0,     0
 54.9,  60.9,  32.6,  69, 98.2,        0,     0
  7.4,   8.5,   8.3, 100, 97.8,        0,     2
 64.4,  84.8,  44.2,  75, 98.1,        0,     0
 58.7,  70.5,  32.0,  64, 97.7,        0,     0
  7.5,   8.1,   0.2, 105, 98.2,        0,     2
 59.5,  72.7,  40.8,  67, 97.5,        0,     0
 52.5,  57.9,  27.0,  61, 98.3,        0,     0
 38.1,  45.2,  40.2,  61, 97.4,        0,     0
 35.7,  44.2,  13.1,  69, 98.0,        0,     1
 28.3,  34.8,  16.9,  83, 97.9,        1,     1
 41.3,  43.8,  21.0,  63, 98.7,        0,     0
 64.7,  81.7,  18.4,  72, 98.5,        1,     0
 24.3,  29.8,   1.0,  84, 96.8,        0,     2
 65.4,  80.2,  15.3,  70, 98.1,        1,     0
 41.9,  52.7,  11.3,  71, 97.1,        2,     1
 24.2,  28.4,   0.4, 108, 98.1,        0,     2
 19.5,  23.2,   4.6,  97, 96.7,        0,     2
 17.9,  20.6,   9.9, 103, 98.1,        2,     2
 17.3,  18.5,  10.2,  92, 96.1,        1,     2
 18.7,  22.0,  10.2,  95, 95.3,        0,     2
 47.5,  56.3,  33.0,  64, 98.1,        2,     0
 14.4,  17.6,   8.4,  94, 96.1,        0,     2
 37.6,  40.6,  20.1,  78, 97.1,        0,     1
 16.8,  18.9,   2.5,  73, 96.5,        0,     2
 13.0,  14.2,   8.2,  80, 97.0,        0,     2
 34.4,  44.4,   5.5,  74, 96.8,        1,     1
 19.2,  22.2,  10.8,  87, 97.4,        0,     2
 17.3,  19.8,  10.6,  86, 95.4,        0,     2
 14.0,  16.7,   6.6,  68, 96.9,        0,     2
 76.0,  94.9,  40.7,  63, 97.7,        0,     0
 38.3,  49.1,  12.9,  67, 96.9,        0,     1
 13.0,  15.9,   0.0,  86, 96.6,        0,     2
 12.8,  13.9,   9.7,  97, 96.9,        1,     2
 56.4,  60.1,  20.7,  55, 98.4,        0,     0
 19.1,  23.8,   3.9,  85, 97.8,        0,     2
 65.2,  71.7,  28.6,  61, 98.0,        0,     0
 29.2,  33.6,  12.4,  85, 96.1,        0,     1
 13.3,  15.1,   5.0,  99, 96.8,        1,     2
 22.2,  27.3,   8.4,  98, 96.6,        0,     2
 50.7,  58.7,   9.9,  73, 96.7,        0,     1
 46.5,  51.6,  27.1,  45, 97.1,        0,     0
 18.8,  22.0,   5.9, 108, 96.7,        0,     2
 29.2,  31.9,   5.0,  66, 97.1,        0,     1
 33.2,  40.9,   6.9,  75, 95.5,        0,     2
 44.6,  48.9,   8.5,  84, 96.8,        0,     1
 14.9,  18.0,   3.3,  82, 95.7,        1,     2
 27.6,  33.9,   0.0,  68, 97.1,        0,     2
 49.4,  60.2,  34.3,  59, 98.4,        0,     0
 28.0,  32.5,  49.1,  63, 97.9,        0,     0
 42.5,  48.0,  38.6,  58, 97.3,        0,     0
 47.5,  51.0,  33.6,  74, 98.2,        0,     0
 52.1,  65.2,  30.6,  64, 98.2,        0,     0
 57.6,  61.1,  26.8,  49, 97.5,        0,     0
 24.0,  25.8,   7.7,  58, 97.8,        1,     1
 30.7,  32.3,  39.3,  61, 97.6,        0,     0
 19.1,  22.8,   0.0,  94, 96.7,        0,     2
 51.7,  66.1,  25.9,  69, 98.7,        1,     0
 23.9,  29.0,  12.1,  75, 97.6,        2,     2
 64.2,  84.5,  15.5,  55, 98.6,        0,     0
 61.5,  65.8,  37.7,  59, 98.6,        0,     0
 85.7,  95.9,  33.8,  59, 97.5,        0,     0
 33.8,  42.3,   3.7,  95, 96.8,        2,     1
 26.3,  31.8,  13.8,  86, 96.5,        0,     1
 11.3,  13.4,   4.8, 101, 97.3,        0,     2
 23.5,  26.8,   3.2,  73, 96.8,        0,     2
 62.9,  71.3,  36.1,  46, 98.5,        2,     0
 67.4,  85.8,  29.0,  60, 97.1,        1,     0
 39.6,  51.0,   6.8,  79, 97.9,        0,     1
 22.7,  24.8,   6.7,  88, 97.1,        0,     2
 26.5,  29.0,   2.4,  88, 96.2,        1,     2
 24.2,  25.9,   7.0,  77, 97.1,        0,     1
 25.4,  28.4,   9.8,  97, 96.4,        0,     2
 23.9,  28.6,  10.4,  97, 97.1,        0,     2
 20.2,  24.9,  14.1,  83, 95.3,        0,     2
 20.4,  24.5,  10.8,  64, 97.1,        0,     1
 64.0,  76.4,  29.1,  73, 98.0,        0,     0
 39.4,  42.5,  15.1,  78, 97.3,        2,     1
 26.9,  30.4,  11.1,  93, 98.6,        0,     1
 12.8,  13.8,   3.7,  78, 95.3,        0,     2
 43.8,  51.9,  30.7,  58, 97.5,        0,     0
 18.8,  23.0,   7.0,  85, 97.0,        0,     2
  6.4,   6.8,   4.0,  90, 96.5,        0,     2
 58.9,  64.6,  45.3,  57, 98.4,        0,     0
 58.2,  64.8,  37.7,  67, 98.5,        0,     0
 72.1,  92.5,  38.6,  60, 97.6,        0,     0
 52.9,  57.3,  29.9,  62, 97.3,        0,     0
 28.0,  31.8,  54.9,  55, 97.9,        0,     0
 32.4,  37.1,  28.6,  69, 98.3,        2,     0
 66.6,  72.3,  33.9,  62, 98.5,        0,     0
 25.9,  30.8,  16.2,  69, 96.4,        1,     1
 38.0,  43.0,  18.6,  80, 96.4,        0,     1
 71.1,  80.2,  32.3,  61, 98.1,        1,     0
 63.7,  71.6,  36.4,  49, 98.2,        1,     0
 29.8,  32.7,   8.0,  89, 96.6,        0,     2
 35.0,  41.1,   4.2,  91, 97.4,        1,     1
  7.7,   9.6,   1.8,  76, 95.2,        1,     2
 37.5,  43.4,  14.3,  74, 98.2,        0,     1
 41.3,  47.5,  10.8,  79, 98.6,        1,     1
 12.0,  15.0,   4.6,  86, 97.3,        0,     2
 65.2,  74.9,  28.3,  48, 97.8,        0,     0
 18.6,  20.2,   4.8, 104, 97.0,        0,     2
 38.6,  41.5,  14.7,  71, 97.2,        1,     1
 15.9,  19.0,   6.4,  88, 96.2,        0,     2
 17.1,  18.4,  14.2,  96, 95.8,        0,     2
 26.7,  29.2,   4.9,  69, 95.4,        0,     2
 17.1,  18.7,   7.7,  98, 96.4,        1,     1
 31.7,  37.0,  11.2,  61, 96.9,        1,     1
 32.2,  34.0,  12.8,  83, 98.8,        0,     1
 22.2,  26.7,   2.9,  89, 96.1,        0,     2
 64.4,  70.9,  17.9,  57, 97.7,        1,     0
 42.9,  51.3,  11.7,  71, 96.8,        0,     1
 14.2,  16.2,  12.2,  84, 98.6,        1,     1
 46.8,  49.6,  27.2,  64, 97.9,        0,     0
 37.4,  42.0,  11.0,  71, 96.7,        0,     2
 32.9,  38.3,  20.5,  81, 96.4,        0,     1
 24.5,  29.9,  26.5,  85, 98.0,        1,     1
  9.2,  10.4,   1.9,  90, 97.6,        0,     2
 25.0,  31.5,  13.9,  58, 96.6,        0,     1
 41.0,  46.1,  13.8,  74, 96.8,        0,     1
 67.3,  87.5,  24.8,  55, 98.8,        0,     0
 29.0,  33.6,  17.1,  74, 97.6,        1,     1
 51.0,  65.7,  21.8,  80, 99.6,        2,     1
 19.8,  24.7,   9.2, 104, 97.3,        0,     2
 69.7,  86.9,  28.2,  68, 98.3,        0,     0
 33.0,  34.8,  27.0,  65, 97.5,        0,     0
 31.9,  35.8,  14.1,  87, 97.6,        1,     1
 13.6,  15.1,   3.8,  91, 96.1,        0,     2
 39.3,  43.6,  27.5,  65, 97.3,        0,     0
 23.6,  27.1,   1.8,  86, 97.2,        0,     2
 32.6,  38.4,  11.2,  82, 96.5,        2,     2
 28.0,  30.0,  25.0,  69, 96.9,        0,     0
 25.4,  28.0,  14.1,  78, 97.0,        0,     1
 47.7,  52.7,  45.2,  75, 97.5,        0,     0
 45.6,  49.2,  10.1,  70, 96.9,        1,     1
 15.3,  18.9,   9.3,  84, 96.4,        0,     2
 17.6,  19.9,  10.9, 108, 97.4,        0,     2
 42.0,  51.1,  16.5,  71, 97.4,        2,     1
 33.0,  39.0,   9.3,  77, 96.7,        0,     1
 21.0,  23.6,   9.0, 106, 97.7,        0,     2
 24.8,  31.1,   9.2,  58, 97.7,        0,     1
 21.3,  23.7,  16.1,  97, 98.3,        0,     1
 21.6,  26.9,   0.8,  95, 96.2,        0,     2
 19.1,  22.8,  11.8,  81, 98.0,        0,     2
 14.9,  18.0,   5.1,  82, 96.8,        0,     2
 25.6,  27.7,  10.8,  86, 96.8,        0,     2
 10.5,  11.7,   5.5,  93, 96.9,        0,     2
 25.7,  28.7,  11.0,  72, 98.3,        0,     2
 81.6,  97.1,  29.2,  65, 97.8,        0,     0
 11.4,  12.7,   3.0,  95, 95.7,        0,     2
 71.8,  79.8,  37.8,  48, 97.7,        0,     0
 13.4,  14.4,   2.1,  74, 97.1,        1,     2
 42.8,  51.3,  32.8,  59, 98.3,        0,     0
 67.1,  88.5,  10.6,  64, 97.7,        0,     0
 13.0,  13.7,   8.5,  74, 97.5,        0,     2
 71.3,  85.1,  29.7,  45, 96.9,        0,     0
 37.6,  46.3,  15.7,  58, 96.6,        1,     1
 44.2,  56.1,  19.8,  76, 98.2,        0,     1
 38.2,  47.8,  14.2,  72, 98.6,        0,     1
 68.2,  74.7,  19.4,  61, 98.4,        0,     0
 59.1,  64.3,  34.2,  75, 98.1,        0,     0
 45.3,  51.0,  33.6,  56, 97.2,        0,     0
 40.4,  42.6,  27.7,  77, 96.8,        1,     1
 60.0,  70.8,  29.3,  51, 97.2,        0,     0
 58.9,  71.4,  13.0,  65, 97.9,        0,     0
 53.5,  61.3,  50.1,  63, 98.4,        0,     0
 25.5,  32.5,  17.5,  69, 98.2,        1,     1
  8.3,  10.3,   6.3,  92, 96.6,        1,     2
 66.1,  78.5,  37.5,  69, 98.4,        0,     0
 65.4,  68.7,  19.6,  57, 97.9,        0,     0
 53.5,  67.7,  20.1,  56, 98.1,        0,     0
 19.2,  23.6,   7.4,  80, 96.9,        0,     2
 21.3,  26.1,   2.0,  88, 97.1,        1,     1
 59.7,  71.5,  13.4,  63, 97.8,        0,     0
 19.9,  22.6,   4.1,  83, 96.3,        0,     2
 14.1,  16.3,   8.4, 110, 95.8,        0,     2
 36.7,  44.2,  11.9,  74, 97.5,        0,     1
 47.5,  62.2,  20.6,  72, 96.7,        1,     0
 24.3,  27.5,   0.0,  87, 95.4,        0,     2
 12.4,  14.6,   5.2,  99, 98.8,        0,     2
 49.7,  63.9,  14.9,  86, 98.7,        0,     1
 35.2,  41.1,   9.6,  69, 98.6,        0,     1
 67.4,  88.0,  23.6,  56, 98.9,        1,     0
 21.3,  22.4,   2.3,  87, 96.8,        1,     2
 63.0,  71.0,  36.3,  54, 98.4,        0,     0
 57.3,  76.2,  31.4,  75, 97.5,        1,     0
 60.7,  80.8,  15.7,  65, 97.8,        0,     0
 45.2,  50.5,  37.9,  62, 98.5,        1,     0
 17.2,  19.0,   0.0,  78, 96.7,        0,     2
 51.4,  65.2,  36.4,  60, 97.9,        0,     0
 55.1,  62.3,  44.3,  68, 98.0,        0,     0
 25.7,  32.8,  16.6,  73, 97.6,        0,     1
 32.9,  40.4,  14.5,  77, 98.3,        1,     1
 27.2,  32.1,  14.6,  87, 96.2,        0,     1
 11.5,  14.0,   5.6,  91, 99.0,        0,     2
 19.8,  22.6,   0.0,  98, 96.6,        0,     2
 25.3,  30.6,  16.9,  72, 97.1,        1,     1
 55.1,  66.2,  26.2,  63, 97.4,        0,     0
 54.3,  58.6,  28.8,  61, 96.9,        0,     0
 36.0,  38.6,  49.3,  70, 98.7,        0,     0
 34.4,  41.7,   9.0,  80, 98.0,        0,     1
 27.4,  34.0,   9.5,  83, 96.4,        0,     2
 33.5,  40.9,  13.4,  70, 97.1,        1,     1
 39.3,  48.3,  30.0,  60, 97.4,        0,     0
 35.8,  44.9,  12.9,  75, 98.1,        1,     1
 35.9,  40.5,  11.0,  72, 97.0,        0,     1
 27.1,  30.7,  13.2,  66, 97.3,        0,     1
 45.2,  58.6,  15.5,  71, 97.1,        1,     1
 26.4,  29.4,  11.8,  99, 98.4,        0,     2
 23.0,  26.5,   6.6,  82, 97.1,        0,     2
 28.9,  33.8,   5.5,  67, 96.4,        0,     1
 33.6,  42.5,  12.5,  58, 98.0,        0,     1
 52.8,  58.2,  31.1,  53, 97.8,        0,     0
 25.8,  29.4,   3.2,  97, 94.8,        1,     2
 21.4,  25.5,  20.3,  71, 98.0,        0,     1
 27.4,  31.6,  22.0,  60, 97.3,        1,     1
 61.8,  68.4,  46.0,  63, 98.7,        0,     0
 19.9,  23.2,   8.0,  95, 97.7,        0,     2
 34.1,  42.9,   6.1,  67, 96.6,        2,     1
 62.0,  67.3,  52.9,  68, 98.0,        0,     0
 79.5,  88.9,  23.3,  60, 98.3,        0,     0
 68.2,  74.5,  36.1,  63, 98.3,        1,     0
 30.2,  39.2,  29.6,  61, 97.8,        0,     0
 50.8,  55.3,  24.3,  63, 98.5,        1,     0
 20.1,  22.3,   9.6,  76, 95.3,        0,     2
 51.5,  61.3,  41.1,  67, 98.0,        0,     0
 69.3,  92.2,  27.6,  58, 98.6,        0,     0
 93.3, 104.6,  29.2,  56, 97.9,        1,     0
 70.8,  86.1,  24.0,  69, 98.8,        0,     0
 14.0,  16.0,  11.7,  65, 97.0,        2,     1
 24.8,  27.1,   8.9,  86, 96.5,        0,     2
 29.5,  31.6,  13.8,  79, 96.3,        1,     1
 44.2,  52.0,   6.6,  76, 97.8,        1,     1
 40.5,  46.6,  32.1,  73, 98.5,        1,     0
 53.7,  59.7,  35.1,  63, 98.4,        0,     0
 60.7,  74.3,  32.2,  60, 97.8,        0,     0
 37.3,  40.7,  17.3,  70, 97.2,        0,     1
 21.0,  24.5,   4.6,  88, 97.0,        0,     2
 58.7,  70.5,  24.9,  67, 98.2,        0,     0
  6.7,   8.3,  17.4,  95, 96.6,        0,     2
 65.7,  79.2,  27.9,  67, 98.3,        0,     0
 29.7,  37.1,  13.8,  67, 97.5,        2,     1
 14.0,  16.0,  16.1,  84, 97.3,        0,     1
 11.2,  13.1,  10.8, 106, 95.0,        0,     2
 84.1, 113.2,  42.2,  55, 97.6,        0,     0
 37.3,  39.6,  31.5,  58, 98.7,        1,     0
 54.4,  57.6,  29.6,  57, 99.0,        0,     0
 49.6,  56.5,  26.9,  57, 98.6,        0,     0
 11.4,  13.2,   6.5,  97, 97.2,        0,     2
 62.0,  81.7,  33.4,  72, 98.0,        1,     0
 21.3,  27.0,  17.1,  80, 96.6,        1,     1
 14.2,  17.7,  10.8, 101, 97.4,        0,     2
 65.1,  85.4,  23.3,  69, 98.4,        0,     0
 79.9,  92.9,  21.5,  53, 97.8,        0,     0
 27.1,  32.9,  22.7,  75, 97.9,        0,     1
 42.8,  53.5,  31.8,  71, 97.3,        0,     0
 15.4,  17.1,   4.2,  75, 97.3,        0,     2
 32.3,  37.5,   6.5,  72, 96.4,        0,     1
 53.7,  60.0,  22.8,  57, 97.8,        0,     0
 34.3,  42.1,  35.1,  80, 99.0,        0,     0
 37.5,  40.9,  12.4,  75, 96.9,        2,     1
 43.6,  50.1,   7.6,  78, 97.6,        1,     1
 29.2,  36.3,  18.5,  87, 98.5,        0,     1
 50.1,  55.3,  18.5,  66, 98.1,        0,     1
 70.2,  89.3,  31.0,  73, 98.3,        0,     0
 34.7,  39.8,  36.3,  62, 97.8,        0,     0
 26.1,  28.1,   9.5,  87, 98.7,        1,     1
  8.6,  10.4,   3.2,  90, 97.8,        0,     2
 48.2,  53.5,  12.4,  60, 97.6,        2,     1
 47.4,  56.8,   9.8,  63, 97.0,        0,     1
 41.5,  52.6,  41.9,  67, 97.9,        0,     0
 35.9,  41.2,  10.2,  64, 98.5,        1,     1
 17.0,  19.2,   5.5,  68, 97.8,        1,     2
 22.3,  23.8,   9.0,  85, 95.9,        0,     2
 37.0,  44.2,   7.8,  65, 96.9,        0,     1
 56.0,  68.7,  31.1,  68, 97.9,        0,     0
 11.2,  13.7,   4.7,  91, 96.7,        0,     2
 52.1,  62.9,  18.8,  69, 98.4,        0,     0
 25.5,  28.9,   8.5,  68, 97.7,        0,     2
 22.6,  25.9,  24.7,  77, 98.6,        0,     1
 34.5,  41.3,   6.1,  79, 97.8,        0,     2
 52.1,  59.5,  36.2,  79, 97.3,        0,     0
 20.2,  26.0,   3.0,  71, 97.8,        1,     1
 53.9,  64.1,  31.6,  53, 98.2,        0,     0
 16.2,  18.0,   4.7,  71, 96.6,        2,     2
 11.3,  13.2,   1.9,  79, 98.0,        0,     2
 43.0,  55.3,  18.4,  61, 97.7,        1,     1
 26.4,  34.0,  26.6,  60, 97.6,        0,     1
 62.0,  65.6,  27.8,  67, 98.5,        0,     0
 18.6,  20.4,  21.8,  70, 99.1,        2,     1
 46.7,  63.0,  31.4,  64, 98.9,        0,     0
 28.8,  37.4,   5.2,  83, 96.7,        0,     1
  8.1,   9.4,   9.6,  84, 97.2,        0,     2
 74.7,  99.5,  50.5,  61, 98.0,        0,     0
 25.8,  29.0,  17.5,  80, 97.6,        1,     1
 78.6,  97.8,  36.4,  67, 97.6,        0,     0
 43.1,  46.1,  13.4,  75, 97.8,        0,     1
 26.5,  28.4,  11.4,  80, 96.9,        2,     2
  4.9,   5.9,   4.1,  88, 97.1,        0,     2
 58.6,  66.4,  23.9,  52, 98.2,        2,     0
 19.3,  22.4,  16.8,  66, 97.8,        0,     1
 15.4,  16.9,  25.0,  72, 98.4,        2,     1
 41.3,  53.2,   3.7,  71, 97.9,        0,     1
 22.6,  24.9,  10.9,  68, 97.6,        1,     2
 26.4,  32.3,   4.4,  83, 96.5,        1,     1
 17.9,  21.0,   0.0, 117, 97.7,        0,     2
 40.5,  45.6,  17.2,  73, 97.2,        1,     1
 41.1,  44.5,   2.0,  67, 98.3,        1,     1
 24.7,  28.8,   5.1,  98, 95.5,        1,     2
 16.1,  19.8,   7.4, 100, 96.5,        0,     2
 15.3,  18.0,  10.7,  98, 97.4,        1,     2
 64.4,  73.9,  26.8,  56, 98.4,        1,     0
 19.0,  20.0,  10.9,  61, 96.8,        0,     1
 57.0,  69.9,  38.1,  67, 97.7,        0,     0
 35.3,  41.9,  11.6,  72, 98.5,        0,     1
 28.0,  30.0,  35.4,  70, 98.6,        0,     0
 15.6,  18.5,  13.0, 112, 96.2,        1,     2
 44.0,  51.4,  35.4,  57, 98.7,        0,     0
 24.6,  28.7,   6.0, 103, 95.9,        0,     2
 17.5,  19.5,   4.2, 102, 96.6,        2,     2
 62.8,  75.8,  24.1,  73, 98.5,        0,     0
 23.2,  25.4,   0.7,  68, 95.5,        0,     2
 18.8,  22.1,   8.5,  83, 96.6,        0,     2
 19.0,  22.4,   6.5,  95, 96.4,        1,     2
 74.3,  92.0,  32.6,  74, 97.5,        0,     0
 31.0,  32.9,  26.8,  55, 97.3,        0,     0
 44.1,  47.2,  19.5,  70, 98.8,        0,     0
 16.6,  17.8,  24.0,  75, 96.8,        0,     1
 16.5,  17.8,  11.2,  78, 98.4,        0,     1
 31.3,  37.3,  19.6,  69, 97.4,        2,     1
 41.6,  43.8,  15.3,  83, 97.9,        0,     1
 69.5,  81.4,  35.7,  55, 99.0,        0,     0
 36.0,  38.3,  28.2,  60, 97.8,        2,     0
 61.2,  77.3,  36.0,  55, 97.7,        0,     0
 40.7,  45.3,  37.0,  70, 98.0,        0,     0
 15.7,  16.9,   5.5,  91, 96.1,        0,     2
 39.8,  50.7,  32.8,  56, 97.8,        0,     0
 10.0,  11.7,   6.5,  71, 95.5,        0,     2
 34.2,  38.5,  23.0,  54, 98.1,        1,     0
 52.5,  69.0,  22.0,  60, 98.4,        0,     0
 20.2,  25.0,   4.5,  69, 96.2,        0,     2
 28.3,  30.5,   7.1,  76, 98.3,        1,     1
 21.3,  25.7,   0.0,  87, 97.6,        2,     2
 12.3,  13.6,   7.5,  95, 96.7,        0,     2
 14.6,  16.0,   5.5,  97, 96.3,        0,     2
 46.9,  50.7,  19.6,  61, 97.2,        0,     0
 13.4,  15.3,  13.9,  70, 97.4,        0,     2
 18.3,  20.6,  11.9,  87, 96.5,        0,     2
 13.3,  16.0,   7.0,  98, 96.1,        2,     2
 20.8,  22.3,  12.2,  58, 96.9,        0,     1
 21.3,  23.0,   9.4, 104, 99.0,        0,     2
 33.7,  36.2,  12.2,  76, 97.4,        0,     1
 15.9,  19.3,   7.8,  95, 97.7,        0,     2
 22.4,  26.7,  14.9,  62, 97.0,        2,     1
 44.6,  55.7,   5.8,  73, 97.8,        1,     1
 28.0,  30.0,  21.4,  71, 98.5,        1,     0
 28.0,  30.0,  42.7,  70, 98.0,        1,     0
 14.2,  16.4,   6.5, 104, 98.1,        0,     2
 25.8,  31.8,   6.3,  72, 97.8,        0,     2
 40.3,  42.6,  13.7,  68, 97.8,        1,     1
 18.1,  21.6,   0.0,  69, 96.9,        1,     2
 51.8,  62.5,  22.8,  50, 98.6,        2,     0
 41.3,  55.7,  33.6,  59, 98.9,        1,     0
 40.4,  49.4,  19.1,  74, 97.3,        1,     1
 25.5,  32.9,  17.8,  79, 97.8,        0,     1
 31.9,  36.7,  10.5,  65, 97.8,        1,     1
 23.6,  29.9,  30.0,  78, 97.3,        0,     1
  8.6,   9.1,   9.9,  98, 97.1,        0,     2
 44.4,  47.4,  36.5,  54, 98.2,        0,     0
 53.2,  67.2,  47.5,  56, 97.4,        0,     0
 16.5,  19.0,   5.3,  87, 96.5,        0,     2
 45.4,  56.2,  32.0,  72, 98.3,        0,     0
 36.2,  45.0,  48.2,  79, 98.7,        0,     0
 41.1,  46.2,  20.4,  50, 97.6,        1,     0
 16.6,  19.5,   8.5,  80, 96.0,        1,     2
 35.0,  40.6,  18.1,  85, 97.4,        0,     1
 69.9,  86.4,  26.7,  64, 98.8,        0,     0
 63.8,  68.5,  10.0,  57, 98.7,        0,     0
 40.9,  47.8,  19.1,  79, 97.3,        2,     1
 17.4,  19.5,   6.5,  79, 97.4,        0,     2
 45.3,  48.4,  23.5,  65, 98.6,        0,     0
 54.5,  66.0,  35.0,  71, 96.6,        1,     0
 57.9,  65.4,  28.7,  61, 97.2,        0,     0
 23.4,  27.2,  13.0,  73, 97.6,        1,     1
 43.9,  58.7,  34.9,  59, 97.7,        0,     0
 27.0,  31.7,  18.9,  76, 96.2,        0,     1
 53.8,  64.3,  34.9,  55, 97.5,        1,     0
 35.7,  39.9,   5.5,  76, 96.3,        0,     1
 63.1,  75.9,  28.0,  51, 96.6,        0,     0
 19.5,  21.7,  18.4,  66, 97.8,        0,     1
 21.5,  23.9,   5.2,  86, 95.7,        0,     2
 22.4,  27.0,   9.4,  97, 96.0,        2,     2
 21.7,  25.1,   0.0,  93, 98.2,        0,     2
 26.4,  33.6,  12.4,  64, 98.4,        1,     1
 26.2,  29.3,   9.3,  80, 96.6,        0,     2
 54.4,  70.2,  29.3,  75, 98.1,        0,     0
 24.3,  27.9,   8.3,  90, 96.6,        0,     2
 31.9,  33.8,   3.5,  89, 98.4,        0,     1
 41.8,  52.4,  45.2,  47, 98.2,        1,     0
 15.0,  17.2,   2.2,  90, 98.0,        0,     2
 27.8,  34.7,   2.0,  92, 98.3,        1,     1
 28.6,  35.8,  23.1,  85, 97.2,        0,     1
 18.7,  24.2,  12.6,  83, 97.5,        1,     1
 49.4,  54.3,  14.9,  78, 97.7,        0,     1
 59.4,  64.6,  34.5,  57, 98.6,        0,     0
 45.8,  49.2,  33.2,  72, 98.2,        0,     0
 17.4,  20.2,   1.9,  85, 98.3,        0,     2
 18.7,  22.8,  13.4,  78, 95.2,        0,     2
 58.4,  76.1,  22.1,  57, 98.2,        0,     0
 24.3,  29.0,   7.0,  81, 98.6,        0,     2
 60.7,  74.7,  18.5,  72, 96.6,        2,     0
 87.8,  93.4,  41.4,  63, 98.5,        0,     0
 51.2,  56.7,  23.3,  51, 98.1,        0,     0
